Name,Rank,Category,Followers,Audience Country,Authentic Engagement,Engagement Avg.
cristiano,1,Sports,462900000.0,India,5500000.0,6600000.0
leomessi,2,Sports,347200000.0,Argentina,3600000.0,4800000.0
kendalljenner,3,Modeling,247600000.0,United States,3000000.0,4900000.0
arianagrande,4,Music,321400000.0,United States,2400000.0,3400000.0
zendaya,5,Actors,147000000.0,United States,4300000.0,5800000.0
kimkardashian,6,Fashion,323600000.0,United States,1700000.0,2500000.0
taylorswift,7,Music,218200000.0,Brazil,2400000.0,3200000.0
kyliejenner,8,Fashion,357000000.0,United States,1200000.0,1900000.0
selenagomez,9,Music,334900000.0,United States,1400000.0,1900000.0
thv,10,Others,46300000.0,United States,13300000.0,13300000.0
lalalalisa_m,11,Music,79900000.0,Indonesia,6300000.0,7300000.0
jennierubyjane,12,Music,68200000.0,Indonesia,7000000.0,8300000.000000001
virat.kohli,13,Sports,206900000.0,India,2100000.0,2400000.0
tomholland2013,14,Actors,67600000.0,United States,5700000.0,7000000.0
j.m,15,Others,38100000.0,Others,11800000.0,11800000.0
agustd,16,Lifestyle,36500000.0,Others,10400000.0,10400000.0
jin,17,Others,37400000.0,United States,9900000.0,9900000.0
beyonce,18,Music,267399999.99999997,United States,949900.0,1300000.0
khloekardashian,19,Clothing,260399999.99999997,United States,1100000.0,1400000.0
sooyaaa__,20,Music,62100000.0,Indonesia,4900000.0,5600000.0
billieeilish,21,Music,104300000.0,United States,2400000.0,3100000.0
neymarjr,22,Sports,176200000.0,Brazil,1300000.0,1800000.0
khaby00,23,Sports,78600000.0,India,2800000.0,3900000.0
justinbieber,24,Music,245900000.0,India,798500.0,1200000.0
roses_are_rosie,25,Music,61000000.0,Indonesia,4000000.0,4600000.0
uarmyhope,26,Artists,37400000.0,South Korea,6900000.0,6900000.0
badbunnypr,27,Music,41400000.0,United States,3900000.0,6000000.0
nickiminaj,28,Music,197800000.0,United States,744200.0,1200000.0
instagram,29,Photography,528400000.0,India,339600.0,434300.0
jungkook.97,30,Music,43000000.0,Others,5200000.0,5200000.0
bts.bighitofficial,31,Music,66000000.0,Indonesia,3000000.0,3300000.0
iamcardib,32,Music,137300000.0,United States,1100000.0,1500000.0
kourtneykardash,33,Lifestyle,189000000.0,United States,739800.0,1100000.0
karolg,34,Music,54500000.0,Mexico,3000000.0,3700000.0
zayn,35,Music,46200000.0,India,2700000.0,4300000.0
rkive,36,Lifestyle,36000000.0,Others,5400000.0,5400000.0
milliebobbybrown,37,Actors,53200000.0,Brazil,2800000.0,3500000.0
gigihadid,38,Modeling,74900000.0,United States,1600000.0,2400000.0
jlo,39,Music,217500000.0,United States,585700.0,743200.0
kingjames,40,Sports,127400000.0,United States,741700.0,1300000.0
therock,41,Actors,327300000.0,India,373200.0,479800.0
adele,42,Music,50600000.0,United States,2200000.0,3100000.0
georginagio,43,Lifestyle,39000000.0,India,2700000.0,3800000.0
champagnepapi,44,Music,116600000.0,United States,753600.0,1200000.0
katrinakaif,45,Beauty,65599999.99999999,India,1900000.0,2200000.0
harrystyles,46,Music,46300000.0,United States,2100000.0,2900000.0
mileycyrus,47,Music,178200000.0,United States,557800.0,757200.0
eunwo.o_c,48,Music,29200000.0,Indonesia,3600000.0,4500000.0
travisscott,49,Music,45800000.0,United States,1700000.0,2500000.0
ester_exposito,50,Actors,29400000.0,Russia,2600000.0,3800000.0
robertdowneyjr,51,Actors,53200000.0,India,1600000.0,2000000.0
dlwlrma,52,Artists,27000000.0,South Korea,3000000.0,3500000.0
actorleeminho,53,Actors,30100000.0,Indonesia,2400000.0,3100000.0
narendramodi,54,Finance,68200000.0,India,1200000.0,1300000.0
shawnmendes,55,Music,69400000.0,Brazil,838000.0,1200000.0
k.mbappe,56,Sports,72400000.0,France,806500.0,1100000.0
johnnydepp,57,Actors,26600000.0,India,2400000.0,3100000.0
aliaabhatt,58,Actors,67200000.0,India,979600.0,1200000.0
oliviarodrigo,59,Music,27100000.0,India,2300000.0,2900000.0
anushkasharma,60,Actors,59300000.0,India,1200000.0,1300000.0
dualipa,61,Music,85100000.0,Mexico,729100.0,879100.0
dovecameron,62,Actors,48100000.0,United States,1200000.0,1500000.0
camila_cabello,63,Music,64400000.00000001,Brazil,845400.0,1100000.0
noahschnapp,64,Actors,24700000.0,Brazil,2300000.0,2900000.0
danbilzerian,65,Actors,32900000.0,India,1300000.0,2200000.0
charlidamelio,66,Lifestyle,48900000.0,United States,1200000.0,1400000.0
dojacat,67,Music,24200000.0,United States,2000000.0,2700000.0
chrishemsworth,68,Actors,55100000.0,India,869200.0,1100000.0
kimberly.loaiza,69,Clothing,35200000.0,Mexico,1400000.0,1700000.0
lelepons,70,Music,49000000.0,Mexico,763500.0,1200000.0
iamzlatanibrahimovic,71,Sports,54600000.0,Italy,682100.0,1100000.0
mosalah,72,Sports,51900000.0,Egypt,753400.0,1100000.0
bn_sj2013,73,Actors,22200000.0,Indonesia,2100000.0,2500000.0
jongsuk0206,74,Actors,23000000.0,Indonesia,1800000.0,2400000.0
handemiyy,75,Actors,28500000.0,Turkey,1400000.0,1900000.0
niallhoran,76,Music,30200000.0,United States,1200000.0,1800000.0
paulodybala,77,Sports,47700000.0,Argentina,684300.0,1100000.0
gal_gadot,78,Actors,83800000.0,United States,468300.0,605900.0
oohsehun,79,Music,23300000.0,Indonesia,1700000.0,2100000.0
realmadrid,80,Sports,121800000.0,Spain,289500.0,396500.0
sadiesink_,81,Modeling,21600000.0,Brazil,1500000.0,2200000.0
lilireinhart,82,Actors,29000000.0,Brazil,1100000.0,1600000.0
chrisbrownofficial,83,Music,115100000.0,United States,267000.0,414500.0
fcbarcelona,84,Sports,110000000.0,Indonesia,281600.0,424100.0
iamsrk,85,Actors,30000000.0,India,1200000.0,1600000.0
ddlovato,86,Music,136300000.0,United States,264500.0,338100.0
rashmika_mandanna,87,Beauty,32299999.999999996,India,1200000.0,1400000.0
dishapatani,88,Actors,52100000.0,India,696000.0,855200.0
songkang_b,89,Lifestyle,14400000.0,Mexico,2200000.0,3100000.0
bellahadid,90,Modeling,53200000.0,United States,499700.0,798400.0
jacksonwang852g7,91,Music,28900000.0,China,1200000.0,1500000.0
deepikapadukone,92,Actors,67800000.0,India,468700.0,611000.0
dannapaola,93,Music,34500000.0,Mexico,828300.0,1200000.0
blackpinkofficial,94,Music,47700000.0,Indonesia,700100.0,853000.0
haileybieber,95,Lifestyle,45900000.0,United States,655900.0,880400.0
karimbenzema,96,Sports,55900000.0,France,502400.0,724000.0
zacefron,97,Actors,53900000.0,United States,514900.0,747100.0
antonelaroccuzzo,98,Modeling,20000000.0,Argentina,1200000.0,2000000.0
realstraykids,99,Music,21900000.0,Indonesia,1500000.0,1800000.0
nasa,100,Science,78600000.0,India,412200.0,496700.0
yawnzzn,102,Others,9600000.0,India,3200000.0,4099999.9999999995
chrisevans,103,Others,17000000.0,United States,1900000.0,2300000.0
twicetagram,104,Music,26100000.0,Indonesia,1200000.0,1500000.0
priyankachopra,105,Actors,80200000.0,India,390300.0,471900.0
ursulolita,106,Actors,24100000.0,Brazil,1100000.0,1600000.0
jenniferaniston,107,Actors,40700000.0,Brazil,628000.0,911900.0
hi_high_hiy,108,Actors,14300000.0,South Korea,2200000.0,2600000.0
addisonraee,109,Beauty,40400000.0,United States,579200.0,892300.0
nike,110,Fitness,227600000.0,United States,123500.0,158400.0
finnwolfhardofficial,111,Music,24600000.0,Brazil,1100000.0,1400000.0
samantharuthprabhuoffl,112,Beauty,24200000.0,India,1200000.0,1400000.0
madelame,113,Actors,25400000.0,Russia,965600.0,1400000.0
miakhalifa,114,Fitness,27800000.0,India,769700.0,1200000.0
jannatzubair29,115,Actors,43300000.0,India,635300.0,772100.0
katyperry,116,Music,167200000.0,Brazil,156300.0,200400.0
meganfox,117,Actors,20400000.0,United States,973900.0,1600000.0
vindiesel,118,Actors,81700000.0,Brazil,309800.0,403900.0
kapilsharma,119,Actors,42000000.0,India,683800.0,780700.0
camimendes,120,Actors,27100000.0,Brazil,861500.0,1200000.0
akshaykumar,121,Actors,62600000.0,India,428100.0,511500.0
tyga,122,Music,35400000.0,United States,604100.0,904100.0
_jeongjaehyun,123,Others,12100000.0,Indonesia,2100000.0,2700000.0
ladygaga,124,Music,53100000.0,United States,426500.0,598800.0
kritisanon,125,Modeling,49700000.0,India,538600.0,626900.0
hoooooyeony,126,Lifestyle,23400000.0,South Korea,1000000.0,1300000.0
mrbeast,127,Shows,19000000.0,United States,1200000.0,1600000.0
rosalia.vt,128,Music,20900000.0,Spain,1100000.0,1500000.0
shakira,129,Music,75600000.0,India,294000.0,400300.0
pewdiepie,130,Computers & Gadgets,21900000.0,United States,1100000.0,1400000.0
hrithikroshan,131,Actors,43500000.0,India,540900.0,684000.0
madelyncline,132,Actors,12600000.0,United States,1600000.0,2400000.0
hazardeden_10,133,Sports,27000000.0,Spain,680800.0,1100000.0
shraddhakapoor,134,Actors,73400000.0,India,349000.0,403700.0
vinijr,135,Sports,21300000.0,Brazil,806700.0,1400000.0
emrata,136,Modeling,29500000.0,United States,606100.0,967700.0
lanarhoades,137,Lifestyle,16800000.0,United States,1000000.0,1700000.0
britneyspears,138,Music,41600000.0,United States,494600.0,685600.0
maluma,139,Music,62700000.0,Italy,294200.0,452100.0
beingsalmankhan,140,Actors,53000000.0,India,417300.0,534900.0
luisitocomunica,141,Humor,32299999.999999996,Mexico,643500.0,852100.0
natgeo,142,Nature,232200000.0,United States,91400.0,117800.0
madisonbeer,143,Music,31800000.0,United States,571300.0,852400.0
jacquelinef143,144,Actors,62200000.0,India,347800.0,424300.0
garethbale11,145,Sports,47800000.0,Spain,342300.0,538600.0
norafatehi,146,Actors,41200000.0,India,507000.0,625700.0
sabrinacarpenter,147,Music,27400000.0,Brazil,756600.0,928800.0
marcelotwelve,148,Sports,57200000.0,Spain,300900.0,446200.0
rohittt_09_,149,Shows,23600000.0,India,753100.0,1100000.0
jasonstatham,150,Actors,30700000.0,Iran,549900.0,811900.0
thedeverakonda,151,Actors,16000000.0,India,1300000.0,1600000.0
theestallion,152,Music,29100000.0,United States,486600.0,850200.0
theweeknd,153,Music,40300000.0,United States,446600.0,607000.0
shahidkapoor,154,Actors,35300000.0,India,608700.0,688500.0
elrubiuswtf,155,Computers & Gadgets,17000000.0,Mexico,1300000.0,1400000.0
annehathaway,156,Actors,24400000.0,United States,737600.0,972300.0
sydney_sweeney,157,Lifestyle,13600000.0,United States,923900.0,1700000.0
erling.haaland,158,Lifestyle,17100000.0,Brazil,909800.0,1400000.0
lewishamilton,159,Racing,29000000.0,Brazil,553700.0,793700.0
hegdepooja,160,Actors,20700000.0,India,961100.0,1100000.0
luissuarez9,161,Sports,44100000.0,Brazil,347400.0,520799.99999999994
championsleague,162,Sports,95700000.0,Brazil,175800.0,237700.0
433,163,Sports,50800000.0,Spain,266700.0,441300.0
eminem,164,Actors,36200000.0,Iran,481300.0,621400.0
rohitsharma45,165,Sports,24400000.0,India,810300.0,914300.0
zkdlin,166,Music,14100000.0,Indonesia,1300000.0,1600000.0
sidhu_moosewala,167,Others,10800000.0,India,1700000.0,2100000.0
jichangwook,168,Actors,20600000.0,Indonesia,836500.0,1100000.0
jamesrodriguez10,169,Sports,49800000.0,Colombia,286100.0,436900.0
na.jaemin0813,170,Others,9800000.0,Indonesia,1800000.0,2300000.0
greeicy,171,Shows,21200000.0,Colombia,753500.0,1000000.0
emmachamberlain,172,Lifestyle,15900000.0,United States,873500.0,1300000.0
evaluna,173,Family,20700000.0,Argentina,744100.0,1000000.0
henrycavill,174,Actors,21300000.0,Brazil,826500.0,1000000.0
carlinhosmaiaof,175,Lifestyle,25800000.0,Brazil,457400.0,837000.0
domelipa,176,Lifestyle,18900000.0,Mexico,915500.0,1100000.0
saraalikhan95,177,Actors,40700000.0,India,424300.0,518299.99999999994
m10_official,178,Sports,24500000.0,Turkey,617100.0,866600.0
cznburak,179,Food & Cooking,37000000.0,Turkey,418500.0,566200.0
imhyoseop,180,Lifestyle,8500000.0,Indonesia,2100000.0,2500000.0
vancityreynolds,181,Actors,44500000.0,United States,362300.0,467900.0
stephencurry30,182,Sports,44700000.0,United States,344300.0,462100.0
strangerthingstv,183,Actors,20500000.0,Brazil,727500.0,974000.0
justintimberlake,184,Music,65500000.0,United States,226500.0,299500.0
feliciathegoat,185,Music,13000000.0,United States,911400.0,1500000.0
haileesteinfeld,186,Actors,19100000.0,United States,796200.0,1000000.0
lukamodric10,187,Sports,24300000.0,Spain,537800.0,787400.0
renebaebae,188,Lifestyle,10700000.0,Indonesia,1500000.0,1800000.0
do0_nct,189,Lifestyle,10300000.0,Indonesia,1400000.0,1800000.0
paulpogba,190,Sports,54700000.0,Brazil,190800.0,339500.0
heybiblee,191,Modeling,14400000.0,Indonesia,926600.0,1300000.0
sergioramos,192,Sports,52300000.0,Spain,222100.0,343000.0
nattinatasha,193,Music,35900000.0,Mexico,417900.0,502200.0
thinkaboutzu,194,Others,6600000.0,United States,0.0,2800000.0
awez_darbar,195,Shows,21400000.0,India,694600.0,831400.0
bizarrap,196,Music,13500000.0,Argentina,1100000.0,1300000.0
nina,197,Actors,25700000.0,Brazil,479900.0,687600.0
leedongwook_official,198,Actors,14600000.0,Indonesia,904600.0,1200000.0
_imyour_joy,199,Lifestyle,14000000.0,Indonesia,1000000.0,1200000.0
bambam1a,200,Music,16600000.000000002,Brazil,840200.0,1100000.0
anuel,201,Music,28800000.0,Spain,399200.0,613700.0
momo,202,Modeling,6900000.0,Turkey,1700000.0,2600000.0
zidane,204,Sports,33100000.0,Spain,379800.0,517900.0
marshmello,205,Others,29400000.0,Others,0.0,579200.0
hardikpandya93,206,Sports,21700000.0,India,625400.0,784100.0
sza,207,Music,12300000.0,United States,819700.0,1400000.0
zachking,208,Shows,24700000.0,Indonesia,447000.0,687700.0
anitta,209,Music,62900000.0,Brazil,145800.0,269500.0
liluzivert,210,Music,16100000.000000002,United States,568500.0,1000000.0
kartikaaryan,211,Actors,25500000.0,India,523299.99999999994,651000.0
louist91,212,Music,18500000.0,Brazil,658400.0,901100.0
nehakakkar,213,Music,70400000.0,India,199600.0,231800.0
iamhalsey,214,Music,30100000.0,United States,410000.0,539000.0
thenameisyash,215,Actors,10900000.0,India,1300000.0,1500000.0
davidbeckham,216,Family,74500000.0,India,169000.0,217100.0
janhvikapoor,218,Lifestyle,17700000.0,India,762300.0,910200.0
lilbaby,219,Music,19800000.0,United States,442100.0,815800.0
onyourm__ark,220,Lifestyle,9000000.0,Indonesia,1400000.0,1800000.0
bbrightvc,221,Actors,15500000.0,Indonesia,851200.0,1000000.0
serna_amini,222,Others,9100000.0,Iran,1300000.0,1800000.0
riaricis1795,223,Lifestyle,31300000.0,Indonesia,412300.0,504400.0
hannahstocking,224,Modeling,22100000.0,United States,493500.0,699800.0
iansomerhalder,225,Actors,23100000.0,United States,447000.0,668300.0
somsomi0309,226,Music,15100000.0,Indonesia,808800.0,1000000.0
mirella,227,Music,27200000.0,Brazil,265400.0,560600.0
iamferv,228,Lifestyle,10000000.0,Mexico,1100000.0,1500000.0
skuukzky,229,Clothing,17900000.0,Indonesia,678700.0,837200.0
anushkasen0408,230,Actors,38000000.0,India,336700.0,393200.0
kunaguero,231,Sports,23500000.0,Argentina,363400.0,628400.0
psg,232,Sports,61200000.0,Brazil,143200.0,240500.0
mr_faisu_07,233,Modeling,27900000.0,India,418700.0,535500.0
larasilva,234,Shows,17400000.0,Brazil,551200.0,850100.0
paulolondra,235,Music,13800000.0,Argentina,678800.0,1100000.0
winmetawin,236,Lifestyle,13800000.0,Philippines,938200.0,1100000.0
taeoxo_nct,237,Lifestyle,9400000.0,Indonesia,1200000.0,1600000.0
tinistoessel,238,Music,18300000.0,Argentina,592300.0,793700.0
klrahul,239,Sports,12900000.0,India,872100.0,1100000.0
hero_ft,240,Actors,7600000.0,Brazil,1200000.0,1900000.0
johnnyjsuh,241,Lifestyle,8700000.0,Indonesia,1300000.0,1600000.0
carryminati,242,Computers & Gadgets,15900000.0,India,752500.0,885800.0
jessicah_o,243,Music,12100000.0,United States,909200.0,1200000.0
samoylovaoxana,244,Family,15200000.0,Russia,679400.0,923300.0
colesprouse,245,Modeling,36000000.0,United States,292100.0,382500.0
tigerjackieshroff,246,Actors,35400000.0,India,315200.0,385900.0
m.by__sana,247,Others,6300000.0,United States,0.0,2200000.0
holyhaein,248,Others,10200000.0,Indonesia,1100000.0,1300000.0
manurios,249,Shows,11100000.0,Mexico,711700.0,1200000.0
mina_sr_my,250,Others,5600000.0,United States,0.0,2400000.0
juandediospantoja,251,Music,22300000.0,Mexico,517700.00000000006,591200.0
rauwalejandro,252,Music,15000000.0,Spain,605400.0,876000.0
luvadepedreiro,253,Family,15300000.0,Brazil,377500.0,855400.0
ronaldinho,254,Sports,67400000.0,Brazil,108800.0,192300.0
avneetkaur_13,255,Actors,32299999.999999996,India,329900.0,402500.0
xeesoxee,256,Lifestyle,9300000.0,Indonesia,1100000.0,1400000.0
daddyyankee,257,Music,45800000.0,Argentina,204400.0,284400.0
iambeckyg,258,Music,32799999.999999996,Mexico,324200.0,389700.0
xxxibgdrgn,259,Photography,21200000.0,Indonesia,475600.0,602800.0
ileana_official,260,Actors,14900000.0,India,702100.0,852800.0
taeyeon_ss,261,Music,18700000.0,South Korea,559600.0,681100.0
sunnyleone,262,Beauty,53100000.0,India,177100.0,238700.0
soohyun_k216,263,Others,13700000.0,Indonesia,753300.0,918100.0
keniaos,264,Music,13600000.0,Mexico,712400.0,926900.0
maisa,265,Music,44000000.0,Brazil,210600.0,284700.0
vickykaushal09,266,Actors,14100000.0,India,752900.0,883900.0
riyaz.14,267,Lifestyle,27300000.0,India,353400.0,460100.0
sachintendulkar,268,Sports,35100000.0,India,289900.0,346500.0
layzhang,269,Music,14200000.0,Indonesia,814800.0,865900.0
varundvn,270,Actors,43200000.0,India,227700.0,279500.0
trippieredd,271,Music,13100000.0,United States,472500.0,926000.0
clean_0828,272,Lifestyle,8000000.0,Indonesia,1200000.0,1500000.0
nayeonyny,273,Others,6600000.0,United States,0.0,1900000.0
angelrai07,274,Humor,20500000.0,India,487200.0,587500.0
chaeyo.0,275,Others,5800000.0,United States,0.0,2100000.0
liampayne,276,Music,24400000.0,United States,350900.0,489800.0
lomon991111,277,Lifestyle,5700000.0,Others,0.0,2100000.0
hi_sseulgi,279,Modeling,12500000.0,Indonesia,743900.0,932800.0
charlieputh,280,Music,16500000.0,United States,491100.0,697700.0
ashishchanchlani,281,Actors,14600000.0,India,638400.0,780400.0
iammichelemorroneofficial,282,Lifestyle,14900000.0,Brazil,534700.0,766600.0
_zyozyo,283,Others,5500000.0,United States,0.0,2100000.0
anguscloud,284,Lifestyle,8199999.999999999,United States,831000.0,1400000.0
shaymitchell,285,Beauty,33800000.0,United States,234100.0,326700.0
kiaraaliaadvani,286,Actors,24300000.0,India,400500.0,453700.0
krisjenner,287,Shows,48900000.0,United States,148300.0,224200.0
perrieedwards,288,Modeling,15500000.0,Brazil,452300.0,705700.0
yaocabrera,289,Computers & Gadgets,14700000.0,Argentina,342300.0,741500.0
tenlee_1001,290,Music,9800000.0,Indonesia,877300.0,1100000.0
min9yu_k,291,Music,6900000.0,Indonesia,1300000.0,1600000.0
alexandradaddario,292,Actors,22600000.0,India,388300.0,475100.0
alidaei,293,Sports,9000000.0,Iran,739500.0,1200000.0
gatenm123,294,Music,17000000.0,Brazil,474800.0,626700.0
_rl9,296,Sports,26800000.0,Poland,312500.0,397100.0
bighit_ent,297,Music,13000000.0,Indonesia,660300.0,813900.0
kimjuncotton,298,Lifestyle,10300000.0,Indonesia,859100.0,1000000.0
whinderssonnunes,299,Humor,58600000.0,Brazil,114500.0,179400.0
jy_piece,300,Others,4800000.0,United States,0.0,2200000.0
imsebastianstan,301,Shows,9400000.0,United States,933100.0,1100000.0
therealcalebmclaughlin,302,Actors,14200000.0,United States,493300.0,724200.0
nct,303,Music,14400000.0,Indonesia,541400.0,709200.0
yuu_taa_1026,304,Others,8400000.0,Indonesia,950400.0,1200000.0
m_kayoung,305,Actors,8300000.000000001,Indonesia,930300.0,1200000.0
yellow_3to3,306,Lifestyle,5900000.0,Indonesia,1400000.0,1700000.0
_mariahwasa,307,Others,8199999.999999999,Brazil,973800.0,1300000.0
rudeth,308,Humor,6500000.0,United States,1000000.0,1600000.0
mont.pantoja,309,Others,12000000.0,Mexico,699700.0,832700.0
mariaalice,310,Others,7300000.0,Brazil,667500.0,1400000.0
enhypen,311,Music,10500000.0,Indonesia,678900.0,952400.0
realbarbarapalvin,312,Modeling,17900000.0,Russia,412100.0,556000.0
marktuan,313,Music,12800000.0,Thailand,590800.0,776300.0
maudyayunda,314,Music,16900000.0,Indonesia,394800.0,581300.0
bretmanrock,315,Artists,18400000.0,United States,315500.0,531000.0
elrodrigocontreras,316,Lifestyle,12900000.0,Mexico,684500.0,754700.0
nct127,317,Music,14100000.0,Indonesia,555100.0,685800.0
wwiinn_7,318,Others,7300000.0,Indonesia,1200000.0,1300000.0
lizasoberano,319,Beauty,17300000.0,Philippines,467400.0,557700.0
bellapoarch,320,Lifestyle,14100000.0,United States,502100.0,677800.0
bhuvan.bam22,321,Actors,14800000.0,India,525400.0,650000.0
txt_bighit,322,Family,12500000.0,Indonesia,604800.0,763000.0
dahhyunnee,323,Others,5300000.0,United States,0.0,1800000.0
jamescharles,324,Beauty,22900000.0,United States,282800.0,414000.0
taehyung.bighitentertainment,325,Management,10000000.0,Indonesia,909700.0,960700.0
postmalone,326,Music,22400000.0,United States,274800.0,420200.0
ssinz7,327,Music,13700000.0,Indonesia,555700.0,683100.0
o.dembele7,328,Sports,10900000.0,Spain,503100.0,862300.0
ranveersingh,329,Actors,40100000.0,India,179200.0,233400.0
jinyoung_0922jy,330,Music,9900000.0,Indonesia,725800.0,959700.0
luisasonza,331,Music,29500000.0,Brazil,198700.0,315700.0
bellathorne,332,Music,25400000.0,United States,217300.0,365000.0
ksi,333,Music,11600000.0,United Kingdom,565800.0,794000.0
kevindebruyne,334,Sports,18000000.0,United Kingdom,322400.0,499500.0
marvel,335,Actors,65400000.00000001,United States,115900.0,136600.0
arigameplays,336,Others,11000000.0,Mexico,669100.0,803900.0
fedez,337,Music,14200000.0,Italy,449700.0,622100.0
prattprattpratt,338,Actors,37400000.0,United States,180700.0,235100.0
itzy.all.in.us,339,Music,17200000.0,Indonesia,414300.0,507300.0
lestykejora,340,Music,25700000.0,Indonesia,263000.0,339000.0
jbalvin,341,Music,52800000.0,Mexico,125000.0,163600.0
kehlani,342,Music,14000000.0,United States,392300.0,611800.0
manchesterunited,343,Sports,59000000.0,United Kingdom,92300.0,145200.0
peytonlist,344,Actors,20200000.0,United States,281800.0,422700.0
wi__wi__wi,345,Lifestyle,10100000.0,South Korea,691600.0,832200.0
dixiedamelio,346,Music,25000000.0,United States,228900.0,335500.0
vinniehacker,347,Lifestyle,5800000.0,United States,695700.0,1500000.0
madhuridixitnene,348,Music,32000000.0,India,225300.0,259600.00000000003
mathildtantot,349,Lifestyle,10200000.0,United States,533100.0,807000.0
keerthysureshofficial,350,Fashion,13400000.0,India,539300.0,616300.0
ibaillanos,351,Artists,7800000.0,Spain,725400.0,1000000.0
easymoneysniper,352,Lifestyle,13100000.0,United States,325400.0,610900.0
michelleobama,353,Finance,50300000.0,United States,144700.0,159800.0
ross_lynch,354,Music,10200000.0,United States,392600.0,783800.0
attahalilintar,355,Artists,23900000.0,Indonesia,243200.0,333300.0
lizgillz,356,Music,14100000.0,Mexico,389500.0,563700.0
cbum,357,Fitness,9000000.0,United States,542000.0,895000.0
hassan_reyvandi,358,Actors,19500000.0,Iran,296500.0,410200.0
nicki.nicole,359,Music,12200000.0,Argentina,439000.0,649500.0
demirose,360,Modeling,19900000.0,United States,305400.0,398200.0
natashawilona12,361,Beauty,38900000.0,Indonesia,170100.0,200700.0
lexibrookerivera,362,Shows,8500000.0,United States,765000.0,956800.0
thebursin,363,Actors,10700000.0,Russia,567800.0,741700.0
imouniroy,364,Actors,23900000.0,India,267800.0,324400.0
yasmine_sabri,365,Actors,19400000.0,Egypt,286100.0,401700.0
kevinhart4real,366,Actors,148800000.0,United States,35500.0,52300.0
sidmalhotra,367,Actors,19900000.0,India,311500.0,387100.0
sommerray,368,Modeling,26500000.0,United States,184700.0,289800.0
brunamarquezine,369,Actors,43100000.0,Brazil,105100.0,181800.0
miguel.g.herran,370,Actors,14100000.0,Brazil,362200.0,545500.0
louispartridge_,371,Actors,7600000.0,United States,691500.0,1000000.0
pubity,372,Humor,31800000.0,United States,166000.0,241700.0
taina,373,Music,16000000.0,Brazil,227900.0,475500.0
alok,374,Music,27700000.0,Brazil,215000.0,275500.0
camilo,375,Music,27500000.0,Argentina,173600.0,275400.0
alwaysramcharan,376,Actors,8100000.0,India,842700.0,944000.0
lilyjcollins,377,Actors,27000000.0,United States,186700.0,277600.0
lilnasx,378,Music,12500000.0,United States,358900.0,600800.0
sportscenter,379,Sports,31300000.0,United States,132900.0,239600.0
phil.coutinho,380,Sports,25000000.0,Brazil,182800.0,297700.0
thenotoriousmma,381,Fitness,45800000.0,United States,110900.0,162900.0
ms_puiyi,382,Adult content,18700000.0,United States,309100.0,395800.0
mo.on_air,383,Others,4900000.0,Indonesia,1300000.0,1500000.0
nickjonas,384,Music,32900000.0,United States,155500.0,222300.0
hyunah_aa,385,Music,18100000.0,South Korea,339400.0,402900.0
todayis_wendy,386,Others,6900000.0,Indonesia,892200.0,1100000.0
weareone.exo,387,Music,10000000.0,Indonesia,579800.0,727900.0
lildurk,388,Music,13900000.0,United States,186200.0,524500.0
hunterschafer,389,Others,7300000.0,United States,606200.0,998200.0
sadiomaneofficiel,390,Sports,11600000.0,United Kingdom,435700.0,621800.0
9gag,391,Humor,58200000.0,Indonesia,95700.0,123400.0
for_everyoung10,392,Lifestyle,5100000.0,Indonesia,1100000.0,1400000.0
caradelevingne,393,Modeling,43000000.0,United States,120000.0,166500.0
euphoria,394,Others,7900000.0,United States,566200.0,913700.0
saweetie,395,Actors,13200000.0,United States,233700.0,542600.0
daquan,396,Humor,16800000.0,United States,272400.0,420300.0
i_m_hendery,397,Others,6200000.0,United States,891400.0,1200000.0
darshanravaldz,398,Music,15300000.0,India,384900.0,465200.0
jadepicon,399,Modeling,20700000.0,Brazil,160100.0,354700.0
barbieferreira,400,Lifestyle,6300000.0,United States,620000.0,1100000.0
kyo1122,403,Actors,13300000.0,Indonesia,411600.0,524400.0
rakulpreet,405,Actors,22100000.0,India,267500.0,314500.0
leaelui,406,Modeling,11600000.0,India,358100.0,602100.0
simoneses,407,Music,34800000.0,Brazil,157900.0,200000.0
marvelstudios,408,Actors,37400000.0,India,163600.0,183000.0
angeldimariajm,409,Sports,17900000.0,Argentina,259600.00000000003,381900.0
juliette,410,Actors,33700000.0,Brazil,130600.0,207700.0
mingue.k,411,Shows,5800000.0,Indonesia,990900.0,1200000.0
obj,412,Sports,16200000.0,United States,219000.0,416000.0
goar_avetisyan,413,Beauty,11600000.0,Russia,421300.0,583100.0
yerimiese,414,Lifestyle,10700000.0,Indonesia,506000.0,627300.0
demetozdemir,415,Actors,15300000.0,India,344400.0,439500.0
burakozcivit,416,Actors,21600000.0,Turkey,255600.0,309600.0
gururandhawa,417,Music,32799999.999999996,India,163900.0,201600.0
dntlrdl,418,Lifestyle,6500000.0,Indonesia,791200.0,1000000.0
yangyang_x2,419,Others,6400000.0,Indonesia,833100.0,1100000.0
rachel_mypark,420,Actors,10200000.0,Indonesia,519299.99999999994,647000.0
parishilton,421,Modeling,19600000.0,United States,202500.0,334200.0
jhope_bighitentertainment,422,Lifestyle,7900000.0,Brazil,753300.0,825800.0
evcenf,423,Lifestyle,13200000.0,Turkey,389600.0,491500.0
iynemliarasbulut,424,Actors,10300000.0,Turkey,447900.0,626100.0
yejinhand,425,Actors,6900000.0,Indonesia,719200.0,935800.0
jin_bighitentertainment,426,Lifestyle,8199999.999999999,Indonesia,685500.0,779500.0
thibautcourtois,427,Sports,10700000.0,Spain,406400.0,589800.0
kun11xd,428,Lifestyle,6700000.0,Indonesia,758300.0,947100.0
sonamkapoor,429,Fashion,33100000.0,India,159500.0,189300.0
_shotaroo_,430,Lifestyle,5400000.0,Indonesia,907200.0,1200000.0
raphaelvarane,431,Sports,19100000.0,Spain,217300.0,326900.0
pugachevmark,432,Cars & Motor bikes,14100000.0,Russia,300300.0,441000.0
shehnaazgill,433,Actors,11600000.0,India,463700.0,586700.0
thenewclassic,434,Music,16399999.999999998,United States,234900.0,379800.0
vanessahudgens,435,Actors,46400000.0,United States,82000.0,133600.0
mariabecerra,436,Music,9800000.0,Argentina,271800.0,641300.0
jennaortega,437,Actors,8199999.999999999,United States,538900.0,767800.0
aron.piper,438,Music,13900000.0,Brazil,235900.0,444800.0
_seorina,439,Lifestyle,6000000.0,South Korea,840100.0,1000000.0
teddysphotos,440,Music,39500000.0,United States,113400.0,155200.0
larissamanoela,441,Actors,46100000.0,Brazil,80800.0,132800.0
paulwesley,442,Actors,12300000.0,Brazil,330900.0,494300.0
djxiao_888,443,Others,6900000.0,Indonesia,720300.0,901000.0
parineetichopra,444,Actors,37000000.0,India,141300.0,164400.0
romeosantos,445,Music,19200000.0,United States,259700.0,319700.0
duki,446,Music,10100000.0,Argentina,390500.0,600800.0
conangray,447,Music,6400000.0,Brazil,639600.0,955400.0
jessnolimit,448,Shows,7300000.0,Indonesia,698200.0,836500.0
k.kbeom,449,Others,5300000.0,Indonesia,931700.0,1100000.0
chiaraferragni,450,Beauty,27500000.0,Italy,129400.0,216300.0
nadin_serovski,451,Family,9400000.0,Russia,471300.0,648700.0
adamweitsman,452,Business,17500000.0,Russia,247000.0,337400.0
anupamaparameswaran96,453,Actors,12200000.0,India,421500.0,482200.0
superstar_dewasi99,454,Music,12600000.0,India,297100.0,468800.0
offsetyrn,455,Music,19900000.0,United States,165600.0,295900.0
juanpazurita,457,Actors,29800000.0,Mexico,138300.0,196700.0
antogriezmann,458,Sports,36400000.0,Spain,99500.0,160900.0
jungkook_bighitentertainment,459,Management,9500000.0,Brazil,550700.0,624900.0
ana_d_armas,460,Actors,7100000.0,United States,616300.0,834000.0
dkharbour,461,Actors,8500000.0,United States,531600.0,696700.0
ldh_sky,462,Others,5600000.0,Indonesia,823700.0,1100000.0
aboflah,463,Humor,7400000.0,Iraq,690300.0,829000.0
polo.capalot,464,Music,10500000.0,United States,335500.0,551700.0
zefelipecantor,465,Music,24600000.0,Brazil,134500.0,236500.0
yuyacst,466,Modeling,17200000.0,Mexico,218100.0,334700.0
fuji_an,467,Lifestyle,11800000.0,Indonesia,205400.0,488200.0
anahi,468,Music,9800000.0,Brazil,344700.0,605000.0
kingbach,469,Music,22700000.0,United States,126400.0,253100.0
yoona__lim,470,Actors,13500000.0,Indonesia,352900.0,422900.0
gianlucavacchi,471,Lifestyle,22400000.0,Brazil,166300.0,256100.00000000003
xavi,472,Sports,9000000.0,Spain,428700.0,643000.0
anjimaxuofficially,473,Lifestyle,11500000.0,India,391100.0,499700.0
khabib_nurmagomedov,474,Fitness,33500000.0,Russia,119800.0,168600.0
jimmyfallon,475,Shows,22400000.0,United States,201100.0,251000.0
gusttavolima,476,Music,43800000.0,Brazil,77100.0,129699.99999999999
julesleblanc,477,Music,9700000.0,United States,404200.0,584600.0
ananyapanday,478,Actors,23000000.0,India,207200.0,243100.0
nickyjam,479,Music,43400000.0,Colombia,109300.0,129600.0
travisbarker,480,Lifestyle,7600000.0,United States,521799.99999999994,738800.0
nikefootball,481,Sports,45200000.0,Brazil,79100.0,122200.0
juansguarnizo,482,Others,5900000.0,Mexico,873700.0,957200.0
thehughjackman,483,Actors,30500000.0,United States,159100.0,180900.0
c.syresmith,484,Actors,19100000.0,United States,186600.0,288200.0
itsmarziapie,485,Beauty,8300000.000000001,United States,574900.0,671600.0
jailyneojeda,486,Modeling,14200000.0,United States,280500.0,387700.0
yooncy1,487,Others,4900000.0,South Korea,938500.0,1100000.0
gioewbank,488,Actors,28400000.0,Brazil,121200.0,192700.0
indiancricketteam,489,Sports,24600000.0,India,189900.0,221400.0
yugyeom,490,Music,11400000.0,Thailand,373000.0,482600.0
deiveleonardo,491,Literature,11700000.0,Brazil,255600.0,470900.0
urvashirautela,492,Actors,53000000.0,India,85700.0,103000.0
aliiiiiiiikarimi8,493,Sports,9400000.0,Iran,390500.0,588000.0
fabriziorom,494,Literature,8600000.0,Italy,368500.0,638000.0
sanchooo10,495,Sports,8600000.0,United Kingdom,362900.0,634000.0
joeyking,496,Music,19000000.0,Brazil,195500.0,280300.0
nianaguerrero,497,Music,14200000.0,Indonesia,297500.0,373300.0
hshq,498,Music,6300000.0,United States,488200.0,859000.0
lacasadepapel,499,Shows,12800000.0,Brazil,274800.0,412700.0
fcbayern,500,Sports,33299999.999999996,Germany,109200.0,159400.0
choi_seung_hyun_tttop,501,Others,14300000.0,Indonesia,316600.0,374600.0
vousmevoyez,502,Music,10300000.0,Indonesia,393900.0,510700.0
pefabiodemelo,503,Lifestyle,25700000.0,Brazil,137500.0,207400.0
rahulkl,504,Others,12300000.0,India,366100.0,427100.0
donya,505,Fashion,15200000.0,Iran,231400.0,366400.0
sav.labrant,506,Family,7100000.0,United States,556400.0,744300.0
abdevilliers17,507,Sports,18400000.0,India,245300.0,283600.0
arishfakhan138,508,Actors,29300000.0,India,145700.0,177900.0
liamhemsworth,509,Actors,13100000.0,United States,275900.0,391800.0
iscoalarcon,510,Sports,24900000.0,Spain,142100.0,205900.0
jimin_bighitentertainment,511,Others,8800000.0,Indonesia,528200.0,585100.0
lucasranngel,512,Lifestyle,19800000.0,Brazil,116900.0,258700.0
dear.zia,513,Lifestyle,3700000.0,South Korea,1200000.0,1400000.0
hakkiakdenizz,514,Business,23500000.0,Russia,149100.0,215100.0
dra.deolanebezerra,515,Lifestyle,14400000.0,Brazil,164700.0,352900.0
jokowi,516,Finance,47400000.0,Indonesia,87300.0,107200.0
nusr_et,517,Food & Cooking,46900000.0,Turkey,73600.0,108600.0
fortnite,518,Computers & Gadgets,25900000.0,United States,165200.0,195400.0
loud_victor,519,Lifestyle,10700000.0,Brazil,372200.0,474100.0
cvillaloboss,520,Shows,20100000.0,Colombia,204100.0,250700.0
dylansprouse,521,Actors,9200000.0,United States,351000.0,551100.0
melissamelmaia,522,Music,12900000.0,Brazil,213200.0,386600.0
sofiaalcastro,523,Shows,8800000.0,Colombia,424600.0,577900.0
litkillah,524,Music,7900000.0,Argentina,485700.0,640400.0
21savage,525,Music,13500000.0,United States,210600.0,370600.0
amitabhbachchan,526,Actors,30700000.0,India,141400.0,162600.0
maya_hawke,527,Music,7300000.0,United States,501700.0,694600.0
tatawerneck,528,Actors,53600000.0,Brazil,58900.0,93300.0
viihtube,529,Actors,23500000.0,Brazil,112100.0,210600.0
hm_son7,530,Sports,7400000.0,Brazil,417300.0,678800.0
davido,531,Music,24600000.0,Nigeria,148400.0,206500.0
leonardodicaprio,532,Actors,54200000.0,United States,74300.0,91100.0
bernardokath,533,Beauty,17300000.0,Philippines,233700.0,282100.0
chloegmoretz,534,Actors,21100000.0,United States,173900.0,232300.0
wizkidayo,535,Music,14900000.0,Nigeria,175200.0,340900.0
melo,536,Sports,9000000.0,United States,269700.0,548100.0
jimena.jimenezr,537,Others,5800000.0,Mexico,581100.0,839200.0
gessicakayane,538,Shows,20000000.0,Brazil,117500.0,242600.0
andreavaldirisos,539,Lifestyle,8600000.0,Colombia,400100.0,569100.0
joaogomescantor,540,Family,12800000.0,Brazil,137600.0,377300.0
quavohuncho,541,Music,21400000.0,United States,135800.0,222600.0
caviarmagnat,543,Others,15100000.0,Russia,216800.0,313800.0
suga_bighitentertainment,544,Music,7600000.0,Indonesia,558500.0,630300.0
pablogavi,545,Others,4700000.0,Others,0.0,1000000.0
netflixbrasil,546,Shows,31800000.0,Brazil,87800.0,149400.0
ridwankamil,547,Literature,18400000.0,Indonesia,169000.0,257100.00000000003
beautifuldestinations,548,Photography,24700000.0,United States,142100.0,190600.0
angelinajolie,549,Lifestyle,13200000.0,Brazil,216400.0,358500.0
corinnakopf,550,Beauty,6700000.0,United States,461900.0,707100.0
asabopp,552,Actors,5800000.0,Brazil,555700.0,812700.0
naileadevora,553,Shows,5200000.0,United States,613700.0,906700.0
lizakoshy,554,Actors,20100000.0,United States,173400.0,231500.0
marimaria,555,Beauty,20100000.0,Brazil,119700.0,230500.0
ronaldo,556,Sports,23000000.0,Brazil,116600.0,201900.0
gisele,557,Modeling,19400000.0,Brazil,161700.0,240100.0
liverpoolfc,558,Sports,39500000.0,United Kingdom,82300.0,116700.0
nehasharmaofficial,559,Actors,14600000.0,India,274000.0,315200.0
marcusrashford,560,Sports,12800000.0,United Kingdom,227900.0,360500.0
golfarahani,561,Actors,13400000.0,Iran,266400.0,343300.0
fuckjerry,562,Humor,16800000.0,United States,212200.0,274000.0
nazriyafahadh,563,Lifestyle,6100000.0,India,567200.0,759900.0
kyrieirving,564,Sports,16900000.0,United States,178900.0,271300.0
xsqueezie,565,Music,7900000.0,France,499400.0,584200.0
actorsuriya,566,Actors,4900000.0,India,731700.0,949400.0
easportsfifa,567,Sports,26700000.0,Spain,100500.0,169500.0
nessabarrett,568,Lifestyle,7000000.0,United States,481000.0,651700.0
trentarnold66,569,Sports,7600000.0,United Kingdom,408400.0,598300.0
madisonbaileybabe,570,Lifestyle,6700000.0,United States,362400.0,678600.0
jackharlow,571,Lifestyle,6700000.0,United States,360700.0,673900.0
victoriajustice,572,Music,22700000.0,United States,144700.0,196800.0
amauryguichon,573,Food & Cooking,9000000.0,United States,407200.0,497200.0
phoebejtonkin,574,Beauty,8400000.0,United States,373000.0,532600.0
vanessamorgan,575,Music,9500000.0,United States,330500.0,470700.0
smriti_mandhana,576,Sports,6200000.0,India,621300.0,720200.0
shreyaghoshal,577,Music,24400000.0,India,160200.0,180300.0
achrafhakimi,578,Sports,9900000.0,Morocco,304100.0,446800.0
aleoliveiracm,579,Humor,8400000.0,Brazil,214900.0,549800.0
xuminghao_o,580,Music,4900000.0,Indonesia,721900.0,910300.0
nita_shilimkar,581,Fashion,11300000.0,India,289800.0,383000.0
jeromepolin,582,Education,6900000.0,Indonesia,429800.0,630400.0
sound_of_coups,583,Others,3900000.0,Indonesia,863900.0,1100000.0
aishwaryaraibachchan_arb,584,Actors,10400000.0,India,320200.0,408700.0
emiliamernes,585,Music,6000000.0,Argentina,379600.0,714300.0
geewonii,586,Others,7600000.0,Indonesia,428000.0,563400.0
markiplier,587,Shows,10400000.0,United States,355400.0,404700.0
jairmessiasbolsonaro,588,Finance,20200000.0,Brazil,151600.0,213100.0
loganpaul,589,Fitness,23300000.0,United States,135000.0,179700.0
klaythompson,590,Sports,12900000.0,United States,223300.0,324200.0
malutrevejo,591,Music,11600000.0,United States,201400.0,361200.0
virgilvandijk,592,Sports,12300000.0,United Kingdom,238500.0,338600.0
frenkiedejong,593,Sports,10600000.0,Spain,262400.0,393900.0
karelyruiz,594,Lifestyle,6400000.0,Mexico,525700.0,660200.0
ciara,595,Music,32299999.999999996,United States,95700.0,129199.99999999999
joshu_acoustic,596,Music,4200000.0,Others,0.0,1000000.0
actorprabhas,597,Others,8600000.0,India,434200.0,486000.0
avani,598,Beauty,18900000.0,United States,160800.0,216900.0
jensenackles,599,Actors,9600000.0,United States,336900.0,438300.0
jaybnow.hr,600,Music,6900000.0,Brazil,463300.0,607300.0
missasinfonia,603,Actors,5400000.0,Mexico,688600.0,771800.0
mattyperry4,604,Others,7900000.0,Brazil,387200.0,528600.0
__youngbae__,605,Music,13400000.0,Indonesia,269600.0,304700.0
zoeisabellakravitz,606,Actors,8500000.0,United States,318500.0,483300.0
premierleague,607,Sports,57900000.0,United Kingdom,47800.0,69800.0
catherinemcbroom,608,Family,7400000.0,United States,324500.0,558000.0
kit.connor,611,Actors,4300000.0,United States,570100.0,944600.0
toni.kr8s,612,Sports,34200000.0,Germany,85800.0,117100.0
memezar,613,Actors,23400000.0,United States,114900.0,171000.0
dew_jsu,614,Actors,6100000.0,Indonesia,495500.0,666300.0
amadorat,615,Fashion,8199999.999999999,Mexico,434700.0,485500.0
urstrulymahesh,616,Actors,8700000.0,India,419800.0,461900.0
theslumpgod,618,Music,5400000.0,United States,428600.0,745400.0
tiffanyyoungofficial,619,Modeling,12300000.0,Indonesia,255700.0,320300.0
juventus,620,Sports,54000000.0,India,48400.0,72300.0
iam_linyi,621,Others,3900000.0,Indonesia,768100.0,1000000.0
angeliqueboyer,622,Shows,14200000.0,Brazil,219500.0,275900.0
pozevidalouca,623,Lifestyle,7000000.0,Brazil,228500.0,574000.0
narins_beauty,624,Lifestyle,9000000.0,Syria,362000.0,442000.0
bhadbhabie,625,Music,16399999.999999998,United States,125700.0,236200.0
otabek_muhammadalievich,626,Others,20000000.0,Russia,144500.0,195200.0
sushitrash,627,Music,6300000.0,United States,511300.0,624900.0
djsnake,628,Music,9500000.0,India,345000.0,409900.0
kareenakapoorkhan,629,Family,9400000.0,India,333600.0,415800.0
dindahw,630,Actors,14500000.0,Indonesia,177000.0,264800.0
chrismcg,631,Others,10600000.0,United States,163700.0,360400.0
aslisona,632,Actors,23000000.0,India,137300.0,166800.0
f1,633,Racing,19800000.0,Italy,150800.0,191700.0
davidalaba,634,Sports,10100000.0,Spain,264500.0,374900.0
haifawehbe,635,Music,10100000.0,Iraq,258500.0,378200.0
zo,636,Sports,14200000.0,United States,147900.0,267100.0
felipeneto,637,Lifestyle,16000000.0,Brazil,167800.0,237500.0
jaspritb1,638,Lifestyle,9800000.0,India,339200.0,390100.0
maudeapatow,639,Lifestyle,4900000.0,United States,471400.0,780400.0
taylor_hill,640,Artists,19900000.0,United States,126900.0,189400.0
regejean,641,Actors,6300000.0,Brazil,380700.0,603300.0
vikkialchester,643,Music,11000000.0,Russia,279300.0,339900.0
simonettalein,644,Beauty,11500000.0,India,234200.0,322100.0
troyesivan,645,Artists,13200000.0,United States,196200.0,282200.0
alvxaro,646,Lifestyle,9700000.0,Brazil,156200.0,391000.0
paulwalker,647,Actors,15000000.0,India,179800.0,246700.0
amandacerny,648,Humor,24000000.0,India,95800.0,153800.0
yamigautam,649,Actors,16000000.0,India,198700.0,230100.0
candiceking,650,Family,9900000.0,Brazil,269400.0,375700.0
snoopdogg,651,Lifestyle,74600000.0,United States,36900.0,49800.0
thiago6,652,Sports,9600000.0,United Kingdom,226400.0,389000.0
egorkreed,654,Music,14700000.0,Russia,202300.0,248900.0
amybethmcnulty,655,Lifestyle,7300000.0,Brazil,364100.0,499700.0
charles_leclerc,656,Racing,8000000.0,Italy,347000.0,461100.0
avengers,657,Actors,13500000.0,India,213900.0,268000.0
dbook,658,Sports,5400000.0,United States,349300.0,687000.0
l7nnon,659,Lifestyle,8100000.0,Brazil,193500.0,460900.0
faz3,660,Lifestyle,14400000.0,United Arab Emirates,194800.0,256300.0
kentooyamazaki,661,Actors,5000000.0,Japan,636600.0,740000.0
alishalehmann7,662,Sports,7800000.0,Brazil,248200.0,468800.0
machinegunkelly,664,Music,9700000.0,United States,234000.0,376200.0
davikah,665,Modeling,16900000.0,Thailand,161600.0,210200.0
blythe,666,Actors,13500000.0,Philippines,229700.0,261500.0
kingryan,667,Fitness,8900000.0,United States,267200.0,403600.0
sthefanematos,668,Lifestyle,9900000.0,Brazil,159300.0,365600.0
_agentgirl_,669,Shows,18600000.0,Russia,164400.0,189400.0
riyadmahrez26.7,670,Sports,9100000.0,Algeria,306800.0,395200.0
ler_chek,671,Lifestyle,10400000.0,Russia,264000.0,342000.0
arthuraguiar,672,Music,13900000.0,Brazil,116900.0,270800.0
harshbeniwal,673,Humor,5600000.0,India,488400.0,636000.0
youngdae0302,674,Music,4400000.0,Indonesia,607300.0,801600.0
sugaringcandy,675,Others,2500000.0,Others,0.0,1400000.0
casemiro,676,Sports,15900000.0,Spain,146600.0,219800.0
jojotodynho,677,Music,22500000.0,Brazil,96500.0,155300.0
srinidhi_shetty,678,Others,4200000.0,India,630500.0,849200.0
amin.hayai,679,Others,9000000.0,Iran,301500.0,396900.0
dylanminnette,680,Music,7400000.0,United States,292100.0,474800.0
aliandooo,682,Music,16700000.0,Indonesia,134800.0,215100.0
mclomaofficial,683,Music,8100000.0,Brazil,253100.0,433100.0
ewsbdi,684,Others,4500000.0,Indonesia,515200.00000000006,770100.0
pokimanelol,685,Lifestyle,6100000.0,United States,430600.0,567000.0
emmaroberts,686,Actors,18100000.0,United States,126700.0,187800.0
lucyhale,687,Actors,24500000.0,United States,106300.0,139100.0
stebinben,688,Music,10600000.0,India,260200.0,318900.0
juki_lop,689,Shows,9400000.0,Mexico,314500.0,365500.0
alfinetei,690,Humor,21700000.0,Brazil,71100.0,160900.0
centralcee,691,Lifestyle,3700000.0,United Kingdom,382200.0,936000.0
syifahadjureal,692,Modeling,15400000.0,Indonesia,177600.0,219300.0
d_degeaofficial,693,Sports,13500000.0,United Kingdom,176100.0,248800.0
elmarianaa,694,Humor,3800000.0,Mexico,607300.0,887800.0
calumhood,695,Music,7000000.0,United States,305900.0,490900.0
coolio_daryl,696,Others,5900000.0,Others,0.0,581300.0
willyrex,697,Shows,8700000.0,Spain,330300.0,392100.0
liltjay,698,Lifestyle,7400000.0,United States,251600.0,464500.0
floydmayweather,699,Fitness,28400000.0,United States,66900.0,118100.0
georgenotfound,700,Others,3000000.0,United States,1000000.0,1100000.0
onwardwanna,701,Lifestyle,5600000.0,United States,364700.0,608300.0
milad_khahhh,702,Lifestyle,6500000.0,Iran,379900.0,541000.0
angela_aguilar_,703,Lifestyle,8700000.0,Mexico,316900.0,383600.0
kaliuchis,704,Music,3900000.0,United States,491700.0,848700.0
joaoguilherme,705,Music,16100000.000000002,Brazil,105800.0,205500.0
salmahayek,707,Actors,21500000.0,United States,123900.0,152500.0
rezagolzar,708,Actors,12200000.0,Iran,190900.0,280700.0
acunilicali,709,Actors,13700000.0,Turkey,198600.0,245400.0
lacikaysomers,710,Music,12200000.0,United States,158600.0,272300.0
karna.val,711,Lifestyle,7300000.0,Russia,385100.0,449200.0
arsenal,712,Sports,22200000.0,United Kingdom,97300.0,146000.0
anas,713,Family,5700000.0,Others,0.0,577700.0
saipallavi.senthamarai,714,Others,5900000.0,India,481100.0,551900.0
nct_dream,715,Others,10200000.0,Indonesia,280800.0,312500.0
violets.tv,716,Adult content,13900000.0,Italy,171700.0,236000.0
tohi,717,Lifestyle,12000000.0,Iran,188400.0,275200.0
rodridepaul,718,Sports,4800000.0,Argentina,372700.0,675700.0
maneskinofficial,719,Lifestyle,6100000.0,Italy,374400.0,528400.0
wanda_nara,720,Lifestyle,13600000.0,Argentina,165200.0,233300.0
perspolis,721,Sports,8100000.0,Iran,281200.0,400100.0
grisha_eric,722,Others,12400000.0,Turkey,174800.0,252100.0
miamalkova,723,Actors,11000000.0,India,211900.0,287600.0
nba,724,Sports,69000000.0,United States,29900.0,45300.0
gima_ashi,725,Lifestyle,14600000.0,India,157300.0,214400.0
burcuozberk,726,Actors,9300000.0,Turkey,263700.0,341700.0
everyone_woo,727,Others,2900000.0,Indonesia,835000.0,1100000.0
egupta,728,Lifestyle,8700000.0,India,286400.0,359100.0
jennifer.garner,729,Actors,13300000.0,United States,202700.0,229300.0
normani,730,Lifestyle,7300000.0,United States,271100.0,423600.0
03_hu,731,Lifestyle,4200000.0,South Korea,600100.0,736100.0
mrancelotti,732,Sports,8400000.0,Italy,234700.0,366000.0
jorgelopez_as,733,Actors,9600000.0,Brazil,194000.0,318500.0
huddy,734,Lifestyle,11700000.0,United States,186100.0,256899.99999999997
kenzie,735,Artists,14900000.0,United States,132300.0,201400.0
staskaranikolaou,737,Lifestyle,11100000.0,United States,184600.0,271400.0
saharghoreyshiofficialpage,738,Lifestyle,11600000.0,Iran,179700.0,262000.0
beberexha,739,Music,10800000.0,India,188500.0,279200.0
dqsalmaan,740,Actors,10600000.0,India,208600.0,282500.0
soyneiva,741,Adult content,11900000.0,Brazil,188400.0,252200.0
tamannaahspeaks,742,Music,17200000.0,India,148100.0,172800.0
dava_m,743,Business,13600000.0,Russia,170900.0,220900.0
nodal,744,Music,9400000.0,Mexico,220700.0,324800.0
vanessabryant,745,Sports,15600000.0,United States,144600.0,189300.0
littlemix,746,Music,16000000.0,Brazil,137900.0,186400.0
issavegas,747,Fitness,9100000.0,Mexico,281700.0,330800.0
iqbaal.e,748,Actors,13500000.0,Indonesia,127700.0,220000.0
fadiljaidi,749,Lifestyle,7700000.0,Indonesia,259500.0,389500.0
briandadeyanara,750,Others,13000000.0,Mexico,192500.0,226600.0
avrillavigne,751,Music,11400000.0,Brazil,207300.0,257700.0
rafaelnadal,752,Sports,15600000.0,Spain,151100.0,188800.0
dearra,753,Lifestyle,6300000.0,United States,192200.0,478500.0
courteneycoxofficial,754,Actors,12200000.0,India,180900.0,239400.0
superm,755,Shows,5200000.0,Indonesia,502200.0,570400.0
tamerhosny,756,Music,22700000.0,Egypt,105000.0,129100.0
valentinazenere,757,Modeling,10000000.0,Brazil,238500.0,290300.0
maddieziegler,758,Actors,13900000.0,United States,139100.0,208100.0
canelo,759,Fitness,13400000.0,Mexico,154500.0,215700.0
vernonline,760,Others,4099999.9999999995,Others,0.0,719400.0
veradijkmans,761,Adult content,5400000.0,United States,391800.0,550700.0
willevy,762,Shows,10600000.0,Brazil,204300.0,275500.0
natalee.007,763,Modeling,7000000.0,United States,328000.0,419600.0
indiaroyale,764,Lifestyle,4300000.0,United States,232100.0,687700.0
sebastianyatra,765,Music,29700000.0,Argentina,70600.0,97600.0
yefersoncossio,766,Lifestyle,9500000.0,Colombia,213200.0,313000.0
nabilla,767,Beauty,7700000.0,France,275000.0,378600.0
andresiniesta8,768,Sports,39700000.0,Spain,49400.0,72200.0
spacex,769,Science,15000000.0,United States,157900.0,191700.0
letthelordbewithyou,770,Lifestyle,27300000.0,United States,68800.0,105100.0
soueunavida,771,Humor,18100000.0,Brazil,84200.0,159800.0
tiagopzk,772,Music,5100000.0,Argentina,249900.0,570300.0
la_beaute_africaine,773,Photography,1600000.0,Senegal,919900.0,1900000.0
alvaromorata,774,Sports,17400000.0,Italy,105700.0,164100.0
ansufati,775,Sports,8700000.0,Spain,217800.0,330300.0
joelocke03,776,Actors,3100000.0,United States,0.0,918600.0
dagelan,777,Humor,20900000.0,Indonesia,80800.0,137600.0
bumkeyk,778,Music,9200000.0,Indonesia,259100.00000000003,310400.0
tombrady,779,Sports,12500000.0,United States,123000.0,227900.0
streetartglobe,780,Artists,17000000.0,United States,123000.0,166800.0
nobru,781,Machinery,13500000.0,Brazil,145300.0,211900.0
philfoden,782,Sports,5000000.0,United Kingdom,326200.0,571500.0
brycehall,783,Music,7300000.0,United States,304600.0,390700.0
kaka,784,Sports,18700000.0,Brazil,91000.0,148400.0
adidasfootball,785,Sports,31500000.0,Brazil,64800.0,88100.0
asala,786,Shows,6900000.0,United Arab Emirates,0.0,408600.0
theamitbhadana,787,Shows,8400000.0,India,277600.0,342800.0
yg_treasure_official,788,Music,5400000.0,Indonesia,408900.0,522600.0
brfootball,789,Sports,12400000.0,United States,137900.0,222500.0
jenna_chew,790,Fitness,6700000.0,United States,344900.0,421400.0
cocielo,791,Actors,18700000.0,Brazil,94500.0,147700.0
hyeri_0609,792,Music,7300000.0,South Korea,320100.0,385700.0
netflix,793,Actors,30400000.0,Brazil,55800.0,90500.0
sagar_pop02,794,Lifestyle,7500000.0,India,237700.0,373900.0
skaijackson,795,Lifestyle,8000000.0,United States,198400.0,350500.0
dejesusoficial,796,Sports,17500000.0,Brazil,101600.0,156800.0
kawtarbamo,797,Actors,7400000.0,Morocco,277000.0,375300.0
roddyricch,798,Lifestyle,6900000.0,United States,210500.0,404200.0
barackobama,799,Finance,35400000.0,United States,66700.0,77500.0
dhanushkraja,800,Actors,4400000.0,India,489700.0,634400.0
bowerjamie,801,Actors,3800000.0,Italy,547200.0,730000.0
galatasaray,802,Sports,11500000.0,Turkey,195700.0,236400.0
tomhardy,803,Lifestyle,8700000.0,Iran,252600.0,313500.0
pooorblack,804,Others,4600000.0,Iran,472800.0,611600.0
tejasswiprakash,805,Beauty,6100000.0,India,396100.0,491800.0
larray,806,Lifestyle,6800000.0,United States,277600.0,406400.0
princessyahrini,807,Music,39600000.0,Indonesia,51400.0,68000.0
celestinegonzaga,808,Music,7600000.0,Philippines,323200.0,360600.0
nicolebahls,809,Modeling,18300000.0,Brazil,83800.0,148800.0
noahbeck,810,Sports,9200000.0,United States,180600.0,298300.0
jordialbaoficial,811,Sports,14500000.0,Spain,128600.0,185500.0
teyanataylor,812,Music,15200000.0,United States,104200.0,177100.0
residente,813,Music,8800000.0,Colombia,202800.0,314700.0
sivakarthikeyan,814,Others,5100000.0,India,456000.0,537100.0
wolfiecindy,815,Modeling,7100000.0,United States,230500.0,383300.0
juliopfernandez,817,Others,3500000.0,Brazil,618100.0,786300.0
urassayas,818,Actors,11800000.0,Thailand,185500.0,226500.0
loud_babi,819,Lifestyle,9100000.0,Brazil,186400.0,300500.0
aurelie.hermansyah,820,Beauty,26600000.0,Indonesia,80200.0,100800.0
watanabenaomi703,821,Actors,9900000.0,Japan,257200.0,273900.0
sandrinna_11,822,Lifestyle,10700000.0,Indonesia,193900.0,247600.0
irinashayk,823,Modeling,18800000.0,Russia,102100.0,140800.0
pledis_boos,824,Music,4099999.9999999995,Indonesia,540200.0,654900.0
jessicajane99,825,Lifestyle,6000000.0,Indonesia,340900.0,449400.0
soydannyalfaro,826,Beauty,8100000.0,Mexico,289900.0,331600.0
wdohwan,827,Actors,4500000.0,Indonesia,452200.0,599200.0
albafloresoficial,828,Actors,11700000.0,Spain,167300.0,225400.0
borodylia,829,Shows,18400000.0,Russia,116700.0,143400.0
markruffalo,830,Actors,20900000.0,Brazil,100000.0,127300.0
adinross,831,Others,3000000.0,United States,509000.0,1000000.0
anwar,832,Shows,10300000.0,United States,173700.0,256000.0
iampauloandre,833,Lifestyle,10000000.0,Brazil,76900.0,270300.0
mirandacosgrove,834,Music,9900000.0,Brazil,172600.0,269200.0
nikitadragun,835,Beauty,9000000.0,United States,193500.0,295700.0
alexis_officia1,836,Sports,14100000.0,Chile,113000.0,186300.0
sophiedee,837,Adult content,12300000.0,United States,160800.0,214200.0
marcoasensio10,839,Sports,14500000.0,Spain,116500.0,178900.0
elliotpage,840,Others,6100000.0,United States,299700.0,431500.0
theellenshow,841,Shows,123700000.0,United States,20600.0,21100.0
dudewithsign,842,Others,8100000.0,United States,204900.0,323200.0
jamorant,843,Lifestyle,7400000.0,United States,218900.0,353700.0
josephquinn,844,Others,2500000.0,Others,0.0,1100000.0
saythename_17,845,Music,9600000.0,Indonesia,240100.0,269600.0
ludmilla,846,Music,27400000.0,Brazil,64700.0,95800.0
nidhhiagerwal,847,Lifestyle,24300000.0,India,87300.0,105700.0
anirudhofficial,848,Lifestyle,6000000.0,India,342500.0,433600.0
kto_takaya,849,Family,7000000.0,Russia,303500.0,374400.0
you_r_love,850,Others,5500000.0,Indonesia,364200.0,465300.0
kikakim,858,Lifestyle,6900000.0,Kazakhstan,279900.0,370600.0
chelseafc,859,Sports,34800000.0,Indonesia,48900.0,72700.0
luara,860,Music,15900000.0,Brazil,95900.0,158300.0
filiperet,861,Lifestyle,6800000.0,Brazil,147900.0,379400.0
subo_m,862,Shows,9800000.0,Russia,213800.0,262400.0
rogerfederer,863,Sports,9600000.0,Spain,205300.0,265400.0
belindapop,864,Music,15500000.0,Mexico,113600.0,162800.0
miketyson,865,Fitness,19000000.0,United States,102000.0,131200.0
sonu_sood,866,Actors,14400000.0,India,151500.0,172800.0
sinavaliollah,867,Shows,7300000.0,Iran,277100.0,350100.0
priyankaamohanofficial,869,Lifestyle,3200000.0,India,677000.0,777000.0
massafera,870,Actors,25300000.0,Brazil,67200.0,97800.0
bleacherreport,871,Sports,19300000.0,United States,64800.0,128400.0
lizzobeeating,872,Music,12700000.0,United States,137900.0,193200.0
raashiikhanna,873,Actors,8500000.0,India,246400.0,293800.0
toniruediger,874,Sports,4000000.0,United Kingdom,414400.0,622500.0
fernandasouzaoficial,875,Music,22000000.0,Brazil,81100.0,111600.0
fedeevalverde,876,Sports,6300000.0,Spain,278800.0,395000.0
mohanshakti,878,Artists,16200000.0,India,124300.0,150000.0
gabigol,879,Sports,9900000.0,Brazil,167000.0,252500.0
rebelwilson,880,Actors,11300000.0,United States,185800.0,214400.0
aidanrgallagher,881,Music,7500000.0,Mexico,272400.0,328000.0
friends,882,Shows,11900000.0,Brazil,161500.0,202800.0
iamyanetgarcia,883,Actors,14800000.0,Mexico,128199.99999999999,163000.0
vanessalopesr_,884,Music,11700000.0,Brazil,63100.0,205300.0
funnymike,885,Artists,8000000.0,United States,174700.0,309200.0
ahmedabohashima,886,Business,15700000.0,Egypt,112800.0,152600.0
min.nicha,887,Lifestyle,3700000.0,Thailand,473200.0,646400.0
39saku_chan,888,Actors,3600000.0,Indonesia,542900.0,669300.0
bclsinclair,889,Music,21000000.0,Indonesia,71900.0,113600.0
humansofny,890,Lifestyle,12100000.0,United States,167200.0,197800.0
dk_is_dokyeom,891,Others,3000000.0,Iran,674800.0,813200.0
mariapedraza_,892,Actors,12000000.0,Spain,150100.0,198000.0
ms.sethii,893,Others,6500000.0,United States,248900.0,376600.0
nazormaya,894,Lifestyle,3500000.0,Mexico,459200.0,679700.0
arashi_5_official,896,Music,4400000.0,Japan,536800.0,559800.0
francinyehlke,897,Beauty,15400000.0,Brazil,70700.0,154400.0
lucianohuck,898,Shows,20400000.0,Brazil,93100.0,117400.0
xbox,899,Computers & Gadgets,12800000.0,United States,151700.0,185400.0
jadenhossler,900,Music,4600000.0,United States,336500.0,518900.0
leighannepinnock,901,Music,9000000.0,Brazil,184400.0,262500.0
alexisren,902,Lifestyle,16600000.000000002,United States,89600.0,139800.0
i_nivethathomas,903,Actors,6100000.0,India,338000.0,382500.0
tontawan,905,Lifestyle,3700000.0,Thailand,481500.0,633300.0
serenayss,906,Actors,9400000.0,Turkey,194800.0,249600.0
alexadellanos,907,Lifestyle,9400000.0,United States,158200.0,247400.0
gildovigor,908,Family,15100000.0,Brazil,113600.0,160700.0
dance_malyshka_offi,909,Artists,3500000.0,Russia,528500.0,676700.0
oprah,910,Artists,21300000.0,United States,91300.0,108300.0
jadethirlwall,911,Music,9300000.0,United States,190300.0,249100.0
mterstegen1,912,Sports,13500000.0,Spain,111700.0,168100.0
madonna,913,Music,18400000.0,Italy,83700.0,125600.0
karrrambaby,914,Lifestyle,4000000.0,Russia,520500.0,577400.0
sincerooficial,915,Humor,21500000.0,Brazil,54600.0,105300.0
coldplay,916,Music,16600000.000000002,Brazil,98200.0,136700.0
tommyinnit,917,Lifestyle,3500000.0,France,586800.0,662400.0
vicdeangelis,918,Lifestyle,3700000.0,Italy,417900.0,619600.0
kaylanicolejones,919,Shows,7500000.0,United States,144500.0,305900.0
mahnaz_afshar,920,Actors,16300000.0,Iran,101300.0,139000.0
eda.ece,921,Lifestyle,6500000.0,Turkey,283800.0,349300.0
ateez_official_,922,Others,6800000.0,United States,293800.0,337800.0
wizkhalifa,923,Music,38400000.0,India,41300.0,58500.0
dean.schneider,924,Animals,10100000.0,India,173100.0,222000.0
hazalkaya,925,Actors,7200000.0,Turkey,266800.0,316100.0
sooyoungchoi,926,Beauty,7100000.0,Indonesia,264100.0,318800.0
therealjosephmorgan,927,Actors,8000000.0,Brazil,226800.0,284300.0
isaias,928,Shows,9200000.0,Brazil,75300.0,248000.0
rossbutler,929,Actors,10400000.0,United States,152600.0,213400.0
jackblack,930,Actors,8800000.0,United States,196600.0,256700.0
tammyhembrow,931,Fitness,15300000.0,United States,76800.0,145000.0
themermaidscales,932,Fashion,6600000.0,India,274000.0,338000.0
dababy,933,Music,21200000.0,United States,65300.0,105900.0
theshilpashetty,934,Actors,26000000.0,India,74100.0,85300.0
adamsandler,935,Actors,13400000.0,United States,130500.0,166600.0
elcinsangu,936,Actors,8500000.0,Turkey,220000.0,264700.0
kashikakapoor09,937,Others,8100000.0,Indonesia,258500.0,278400.0
jessica.syj,938,Modeling,10700000.0,Indonesia,168800.0,206100.0
esbilgic,939,Lifestyle,7000000.0,India,252400.0,321200.0
imcryansp,940,Others,4000000.0,Brazil,236100.0,561700.0
canyaman,942,Actors,9800000.0,Italy,185800.0,230900.0
eilirjani,943,Lifestyle,10300000.0,Albania,147500.0,212900.0
jeremyrenner,944,Shows,17800000.0,United States,102800.0,123400.0
felicyangelista_,945,Family,21500000.0,Indonesia,73600.0,101400.0
grefg_official,946,Computers & Gadgets,7400000.0,Spain,247300.0,297800.0
cole.labrant,947,Lifestyle,5100000.0,United States,310900.0,438100.0
e_milygarcia,948,Actors,11200000.0,Brazil,119200.0,197200.0
jharden13,949,Sports,11600000.0,United States,109800.0,188400.0
samsmith,950,Music,14600000.0,United States,102000.0,149300.0
ncentineo,952,Actors,16800000.0,Brazil,77800.0,129199.99999999999
valeyellow46,953,Racing,13900000.0,Indonesia,119300.0,155900.0
pharrell,954,Music,13900000.0,United States,109300.0,155900.0
joshrichards,955,Shows,6900000.0,United States,225800.0,316700.0
rubyrose,956,Modeling,19700000.0,United States,82500.0,109700.0
sabinahidalgo,957,Lifestyle,4700000.0,Brazil,399600.0,479500.0
hitocaesar,958,Lifestyle,13600000.0,Indonesia,112900.0,159000.0
romeestrijd,959,Modeling,7700000.0,United States,190200.0,283900.0
wikkiofficial,960,Humor,2600000.0,India,675100.0,840600.0
apple,961,Computers & Gadgets,27800000.0,India,57900.0,77300.0
divyankatripathidahiya,962,Shows,20400000.0,India,92000.0,105900.0
hadise,963,Music,13800000.0,Turkey,133200.0,155500.0
realhinakhan,964,Actors,17200000.0,India,102100.0,125300.0
krithi.shetty_official,965,Beauty,3500000.0,India,527900.0,624400.0
dorra_zarrouk,966,Actors,15800000.0,Egypt,100500.0,134500.0
roberto_firmino,967,Sports,13600000.0,Brazil,104700.0,156100.0
alvaromorte,968,Actors,12200000.0,India,126800.0,173700.0
wilbursoot,969,Music,3100000.0,United States,539900.0,692200.0
warriors,970,Lifestyle,24800000.0,United States,60900.0,85500.0
jacksepticeye,971,Computers & Gadgets,7900000.0,United States,233500.0,271000.0
hank_says_hank,972,Others,3200000.0,South Korea,566700.0,665100.0
bypamella,973,Shows,9800000.0,Brazil,127800.0,218900.0
pandorakaaki,975,Adult content,7300000.0,United States,214200.0,295200.0
jenniferwinget1,976,Actors,13100000.0,India,131100.0,160200.0
nadine.nassib.njeim,977,Actors,15000000.0,Iraq,98800.0,140400.0
shahinsamadpoor,978,Literature,4500000.0,Iran,365300.0,481400.0
julienco_,979,Lifestyle,6300000.0,Germany,273400.0,337500.0
allusnehareddy,980,Others,8199999.999999999,India,220700.0,256100.00000000003
voguemagazine,981,Literature,39600000.0,United States,34200.0,52500.0
ho5hi_kwon,982,Others,3000000.0,Indonesia,547000.0,712100.0
melissabenoist,983,Family,4800000.0,United States,324700.0,439500.0
barstoolsports,984,Lifestyle,13900000.0,United States,98200.0,148200.0
piyanka_mongia,985,Humor,8800000.0,India,191500.0,240400.0
5sos,986,Music,10100000.0,United States,147400.0,203600.0
jxxvvxxk,987,Others,3400000.0,Indonesia,489800.0,614300.0
lynaritaa,988,Lifestyle,9000000.0,United States,176700.0,234100.0
tomo.y9,989,Music,5000000.0,Japan,393600.0,422000.0
wayvofficial,990,Music,7300000.0,Indonesia,238200.0,283700.0
supremo_dp,991,Music,5000000.0,Philippines,337900.0,416300.0
jaredleto,992,Music,10900000.0,United States,149900.0,188500.0
thariqhalilintar,993,Shows,7400000.0,Indonesia,225600.0,279500.0
ferozekhan,994,Lifestyle,6600000.0,Pakistan,267400.0,315800.0
garciajoshuae,995,Modeling,5000000.0,Philippines,357500.0,412100.0
nimratkhairaofficial,996,Music,8000000.0,India,211100.0,261800.0
hanhyojoo222,997,Travel,4000000.0,Indonesia,434200.0,518200.00000000006
memphisdepay,998,Sports,15000000.0,France,76400.0,135500.0
arminzareeiofficial,999,Others,9800000.0,Iran,135400.0,214000.0
noorstars,1000,Shows,13000000.0,Iraq,117600.0,157600.0
